{
    "id": "Tablerules",
    "title": "Tablerules - FVTT Module",
    "description": "Simple module to add and configure table rules for our games.",
    "authors": [
        {
            "name": "Umbratica"
        },
        {
            "name": "Tak"
        },
        {
            "name": "PhDave"
        }
    ],
    "version": "0.0.24",
    "compatibility": {
        "minimum": "10",
        "verified": "10.290"
    },
    "scripts": [
        "scripts/dnd-tablerules.js"
    ],
    "packs": [
        {
            "name": "tablerules-actors",
            "label": "Tablerules Actors",
            "path": "packs/actors.db",
            "type": "Actor",
            "system": "dnd5e",
            "private": "false",
            "flags": {}
        },
        {
            "name": "tablerules-items",
            "label": "Tablerules Items",
            "path": "packs/items.db",
            "type": "Item",
            "system": "dnd5e",
            "private": "false",
            "flags": {}
        },
        {
            "name": "tablerules-macros",
            "label": "Tablerules Macros",
            "path": "packs/macros.db",
            "type": "Macro",
            "system": "dnd5e",
            "private": "false",
            "flags": {}
        }
    ],
    "url": "https://github.com/itteerde/fvttconfig/",
    "manifest": "https://raw.githubusercontent.com/itteerde/fvttconfig/main/modules/dnd-tablerules/module.json",
    "download": "https://github.com/itteerde/fvttconfig/releases/download/v0.0.11/dnd-tablerules.zip",
    "relationships":{
        "systems": [
            {
                "id": "dnd5e",
                "type": "system",
                "compatibility": {
                    "minimum": "2.0.3",
                    "verified": "2.0.3"
                },
                "manifest": "https://raw.githubusercontent.com/foundryvtt/dnd5e/master/system.json"
            }

        ],
        "requires": [
            {
                "id": "autocomplete-whisper",
                "type": "module",
                "compatibility": {
                    "minimum": "1.0.4",
                    "verified": "1.0.4"
                },
                "manifest": "https://raw.githubusercontent.com/orcnog/autocomplete-whisper/master/module.json"
            },
            {
                "id": "dae",
                "type": "module",
                "compatibility": {
                    "minimum": "10.0.13",
                    "verified": "10.0.13"
                },
                "manifest": "https://gitlab.com/tposney/dae/raw/v10/package/module.json"
            },
            {
                "id": "dice-calculator",
                "type": "module",
                "compatibility": {
                    "minimum": "1.5.2",
                    "verified": "1.5.2"
                },
                "manifest": "https://gitlab.com/asacolips-projects/foundry-mods/foundry-vtt-dice-calculator/raw/master/module.json"
            },
            {
                "id": "effective-transferral",
                "type": "module",
                "compatibility": {
                    "minimum": "1.2.5",
                    "verified": "1.2.5"
                },
                "manifest": "https://github.com/GamerFlix/effective-transferral/releases/latest/download/module.json"
            },
            {
                "id": "effectmacro",
                "type": "module",
                "compatibility": {
                    "minimum": "10.0.7",
                    "verified": "10.0.7"
                },
                "manifest": "https://github.com/krbz999/effectmacro/releases/latest/download/module.json"
            },
            {
                "id": "itemacro",
                "type": "module",
                "compatibility": {
                    "minimum": "1.8.0",
                    "verified": "1.8.0"
                },
                "manifest": "https://github.com/Kekilla0/Item-Macro/releases/download/1.8.0/module.json"
            },
            {
                "id": "magicitems",
                "type": "module",
                "compatibility": {
                    "minimum": "3.0.0",
                    "verified": "3.0.0"
                },
                "manifest": "https://gitlab.com/riccisi/foundryvtt-magic-items/raw/master/module/module.json"
            },
            {
                "id": "token-auras",
                "type": "module",
                "compatibility": {
                    "minimum": "2.1",
                    "verified": "2.1"
                },
                "manifest": "https://bitbucket.org/Fyorl/token-auras/raw/master/module.json"
            },
            {
                "id": "tokenmagic",
                "type": "module",
                "compatibility": {
                    "minimum": "0.6.1.2",
                    "verified": "0.6.1.2"
                },
                "manifest": "https://raw.githubusercontent.com/Feu-Secret/Tokenmagic/master/tokenmagic/module.json"
            },
            {
                "id": "tr-summons",
                "type": "module",
                "compatibility": {
                    "minimum": "0.0.4",
                    "verified": "0.0.4"
                },
                "manifest": "https://raw.githubusercontent.com/itteerde/fvttconfig/main/modules/tr-summons/module.json"
            },
            {
                "id": "warpgate",
                "type": "module",
                "compatibility": {
                    "minimum": "1.15.1",
                    "verified": "1.15.1"
                },
                "manifest": "https://github.com/trioderegion/warpgate/releases/latest/download/module.json"
            }
        ]
    }
}