{
    "id": "Tablerules",
    "title": "Tablerules - CPR Module",
    "description": "Simple module to add and configure table rules for our CPR games.",
    "authors": [
        {
            "name": "Umbratica"
        },
        {
            "name": "Tak"
        },
        {
            "name": "PhDave"
        }
    ],
    "version": "0.11.4",
    "compatibility": {
        "minimum": "11",
        "verified": "11.309"
    },
    "scripts": [
        "scripts/cpr-tablerules.js"
    ],
    "packs": [
        {
            "name": "tablerules-items",
            "label": "Tablerules Items",
            "path": "packs/items",
            "type": "Item",
            "system": "cyberpunk-red-core",
            "private": "false",
            "flags": {}
        },
        {
            "name": "tablerules-macros",
            "label": "Tablerules Macros",
            "path": "packs/macros",
            "type": "Macro",
            "system": "cyberpunk-red-core",
            "private": "false",
            "flags": {}
        }
    ],
    "packFolders": [
        {
          "name": "Tablerules",
          "sorting": "a",
          "color": "#ff0000",
          "packs": [
            "tablerules-items",
            "tablerules-macros"
            ],
          "folders": [
          ]
        }
      ],
    "url": "https://github.com/itteerde/fvttconfig/",
    "manifest": "https://raw.githubusercontent.com/itteerde/fvttconfig/main/modules/cpr-tablerules/module.json",
    "download": "https://github.com/itteerde/fvttconfig/releases/download/v0.11.1/cpr-tablerules.zip",
    "relationships":{
        "systems": [
            {
                "id": "cyberpunk-red-core",
                "type": "system",
                "compatibility": {
                    "minimum": "0.86.1",
                    "verified": "0.88.1"
                },
                "manifest": "https://gitlab.com/api/v4/projects/22820629/packages/generic/fvtt-cyberpunk-red-core/latest/system.json"
            }

        ],
        "requires": [
       ]
    }
}