{
    "id": "tr-summons",
    "title": "Tablerules - Summons",
    "description": "Makes summons preparations smoother.",
    "authors": [
        {
            "name": "Umbratica"
        },
        {
            "name": "Tak"
        }
    ],
    "version": "0.0.6",
    "compatibility": {
        "minimum": "10",
        "verified": "10.291"
    },
    "scripts": [
    ],
    "packs": [
        {
            "name": "tr-summons-actors",
            "label": "Summons Actors",
            "path": "packs/actors.db",
            "type": "Actor",
            "system": "dnd5e",
            "private": "false",
            "flags": {}
        },
        {
            "name": "tr-summons-macros",
            "label": "Summons Macros",
            "path": "packs/macros.db",
            "type": "Macro",
            "system": "dnd5e",
            "private": "false",
            "flags": {}
        }
    ],
    "url": "https://github.com/itteerde/fvttconfig/",
    "manifest": "https://raw.githubusercontent.com/itteerde/fvttconfig/main/modules/tr-summons/module.json",
    "download": "https://github.com/itteerde/fvttconfig/releases/download/v0.0.11/tr-summons.zip"
}