{
    "id": "Tablerules",
    "title": "Tablerules - FVTT Module",
    "description": "Simple module to add and configure table rules for our games.",
    "authors": [
        {
            "name": "Umbratica"
        }
    ],
    "version": "0.0.3",
    "compatibility": {
        "minimum": "10",
        "verified": "10.288"
    },
    "scripts": [
        "scripts/dnd-tablerules.js"
    ],
    "url": "https://github.com/itteerde/fvttconfig/",
    "manifest": "https://raw.githubusercontent.com/itteerde/fvttconfig/main/modules/dnd-tablerules/module.json",
    "download": "https://github.com/itteerde/fvttconfig/releases/download/v0.0.3/dnd-tablerules_0.0.3.zip"
}